{"evas": -1.0502000015038235, "rmse": 0.30485319522437754, "highest_errors": [4249, 1870, 4247, 4246, 1866, 1853, 4402, 4243, 4260, 4394, 4253, 3562, 1850, 4379, 4250, 4258, 4256, 1847, 4233, 3535]}