{"ave_accuracy": 0.5145939086294417, "precision": 0.22606382978723405, "recall": 0.22606382978723405, "f_score": 0.3076923076923077, "highest_errors": [180, 590, 1256, 1257, 181, 645, 1258, 182, 1259, 1264, 1262, 1263, 183, 1261, 185, 184, 1265, 925, 1575, 1260]}