{"evas": -0.9494346165027374, "rmse": 0.29726880618201634, "highest_errors": [4247, 4244, 4256, 4231, 4237, 4252, 4243, 4253, 4240, 1867, 582, 4259, 4390, 4241, 1856, 3283, 4233, 1875, 1866, 4230]}