{"ave_accuracy": 0.49111675126903553, "precision": 0.21181001283697048, "recall": 0.21181001283697048, "f_score": 0.2915194346289753, "highest_errors": [187, 1256, 180, 181, 182, 183, 184, 186, 198, 185, 192, 193, 190, 191, 194, 195, 196, 188, 197, 199]}