{"ave_accuracy": 0.49048223350253806, "precision": 0.2222222222222222, "recall": 0.2222222222222222, "f_score": 0.30954428202923473, "highest_errors": [587, 585, 333, 586, 1292, 851, 564, 221, 282, 283, 385, 588, 463, 225, 376, 455, 224, 127, 377, 1053]}