{"evas": -1.0365697236432676, "rmse": 0.3038389656901763, "highest_errors": [1876, 4253, 4246, 4251, 1860, 4234, 4394, 4387, 4240, 4277, 4385, 4391, 4254, 4228, 4242, 1856, 4248, 1863, 1865, 1862]}