{"ave_accuracy": 0.5152284263959391, "precision": 0.22267206477732793, "recall": 0.22267206477732793, "f_score": 0.3016453382084095, "highest_errors": [629, 632, 634, 633, 630, 626, 635, 631, 622, 623, 639, 625, 641, 640, 636, 644, 624, 1045, 643, 627]}