{"evas": -1.0027824651025306, "rmse": 0.3013090489419682, "highest_errors": [4246, 4237, 4250, 1855, 4240, 4255, 4391, 4377, 4241, 4221, 1860, 4219, 4263, 1844, 3316, 1838, 4256, 3292, 4252, 4224]}